Data,open ,high,low ,close ,volume
2022.10.28,2564.5,2566.3,2560.6,2563.4,1031
2022.10.31,2564.7,2574.4,2550.3,2550.3,3381
2022.11.01,2551.13,2579.8,2539.83,2574.6,5648
2022.11.02,2576.09,2584.7,2559.82,2573.14,4682
2022.11.03,2572.5,2591.6,2569.98,2590.36,2539
2022.11.04,2588.7,2600.76,2575.2,2596.5,4333
2022.11.07,2607.49,2610.3,2583.44,2583.87,3011
2022.11.08,2585.6,2638.1,2577.08,2628.74,7891
2022.11.09,2629.73,2660.24,2622.03,2652.34,5382
2022.11.10,2652.91,2671.46,2644.69,2649.52,5016
2022.11.11,2654.5,2658.1,2628.8,2640,4411
2022.11.14,2637.99,2646.96,2626.31,2640.49,3881
2022.11.15,2641.8,2647.74,2607.69,2629.33,6764
2022.11.16,2631.2,2639.5,2618.19,2629.36,4079
2022.11.17,2629.71,2653.7,2621.03,2629.9,6516
2022.11.18,2629.78,2633.77,2617.5,2621.1,2387
2022.11.21,2622.4,2638,2618.91,2629.7,3089
2022.11.22,2630.8,2637.29,2614.61,2614.71,2928
2022.11.23,2615.78,2621.1,2592.74,2595.87,3682
2022.11.24,2597.27,2609.11,2591.46,2593.32,3136
2022.11.25,2592.87,2603.3,2590.48,2600.51,1801
2022.11.28,2608.91,2629.78,2604.41,2615.92,4374
2022.11.29,2615.7,2622.1,2602.1,2613.5,3781
2022.11.30,2616.2,2621.84,2595.81,2604.4,4027
2022.12.01,2603.41,2653.51,2602.42,2645.12,6048
2022.12.02,2646.09,2649.89,2630.58,2645.3,3784
2022.12.05,2644.4,2646.77,2627.52,2638.4,3251
2022.12.06,2637.96,2650.53,2629.68,2646.09,3358
2022.12.07,2646.43,2659.82,2641.79,2654.46,2804
2022.12.08,2655.37,2661.56,2639.75,2641.99,3025
2022.12.09,2641,2658.36,2638.31,2643.3,3781
2022.12.12,2640.12,2653.44,2635.51,2637.5,3325
2022.12.13,2637.81,2647.61,2630.05,2639.24,3370
2022.12.14,2639.77,2654.57,2627.6,2632.3,4648
2022.12.15,2633.51,2661.99,2609.4,2649.53,8917
2022.12.16,2648.69,2682.2,2646.4,2679.89,4041
2022.12.19,2676.2,2680.46,2662.17,2665.48,2587
2022.12.20,2667.86,2733.67,2661.08,2719.71,9334
2022.12.21,2718.72,2726.9,2702.53,2704.2,3423
2022.12.22,2703.62,2706.93,2680.04,2685.8,3597
2022.12.23,2685.38,2689.89,2672.77,2677.6,2647
2022.12.27,2673.88,2711.55,2666.13,2691.93,7280
2022.12.28,2692.58,2695.92,2653.76,2675.94,6769
2022.12.29,2675.74,2693.21,2673.63,2675.2,3863
2022.12.30,2678.57,2687.72,2667.66,2674.2,3576
2023.01.03,2684.2,2743.09,2681.3,2731.49,7630
2023.01.04,2730.57,2735.83,2698.18,2711.1,5584
2023.01.05,2711.18,2725.56,2700.11,2713.16,4893
2023.01.06,2710.8,2737.41,2707.68,2712.8,5747
2023.01.09,2714.1,2719.01,2695.45,2705.59,3862
2023.01.10,2705.57,2731.55,2703.76,2722.21,3895
2023.01.11,2720.36,2733.03,2703.73,2714.14,5239
2023.01.12,2713.61,2737.56,2712.78,2721.5,4168
2023.01.13,2719.03,2758.67,2716.69,2748.76,5424
2023.01.16,2752.3,2755.31,2741.3,2753.3,2703
2023.01.17,2752.5,2754.59,2726.6,2730.79,3428
2023.01.18,2729.4,2745.2,2711.27,2740.26,5701
2023.01.19,2742.9,2797.26,2740.29,2793.83,6302
2023.01.20,2793.74,2796.49,2760.34,2761.33,3990
2023.01.23,2761.1,2769.53,2732.27,2746.84,6027
2023.01.24,2746.57,2764.08,2739.32,2747.64,4846
2023.01.25,2750.02,2755.28,2711.08,2738.3,7669
2023.01.26,2738.34,2741.98,2709,2709,3663
2023.01.27,2708.99,2721.25,2701.15,2709.7,3950
2023.01.30,2711.87,2728.68,2704.79,2721.5,3816
2023.01.31,2721.79,2741.9,2713.01,2730.96,4862
2023.02.01,2733.81,2739.64,2717,2730.87,4235
2023.02.02,2734.44,2745.68,2698.31,2700.1,6041
2023.02.03,2700.39,2722.7,2678.73,2692.1,7966
2023.02.06,2691.8,2726.14,2689.8,2710.33,5416
2023.02.07,2710.52,2718.36,2683.6,2689.38,4839
2023.02.08,2686.91,2711.3,2686.9,2706.35,2937
2023.02.09,2707.21,2708.84,2679.62,2681.6,3284
2023.02.10,2682.72,2697.17,2675.24,2693.9,3269
2023.02.13,2695.2,2699.73,2656.3,2658.59,5026
2023.02.14,2659.88,2675.31,2648.74,2651.87,4514
2023.02.15,2653.17,2673.77,2651.95,2658.86,3796
2023.02.16,2658.03,2674.48,2652.05,2667.37,3553
2023.02.17,2671.19,2683.87,2662.79,2676,3736
2023.02.20,2677.4,2680.03,2662,2662.9,2157
2023.02.21,2664.7,2681.81,2660.7,2674,3293
2023.02.22,2673.56,2696.8,2673.46,2679.89,4036
2023.02.23,2680.08,2685.26,2668.79,2675,2787
2023.02.24,2674.7,2697.58,2674.67,2690.4,3013
2023.02.27,2691.5,2705.57,2688.9,2694.3,3055
2023.02.28,2695.36,2717.12,2683.68,2713.5,4875
2023.03.01,2711.43,2731.31,2706.99,2716.69,4339
2023.03.02,2717.24,2735.35,2715.21,2725.1,3243
2023.03.03,2725.93,2742.18,2724.27,2739.9,2186
2023.03.06,2743.22,2753.59,2739.11,2741.5,2725
2023.03.07,2742.39,2764.41,2739.31,2752.89,3971
2023.03.08,2750.98,2757.65,2744.5,2750.63,2596
2023.03.09,2751.78,2781.7,2740.3,2775.8,5879
2023.03.10,2778.19,2843.2,2772.28,2834.55,8549
2023.03.13,2834.55,2870.79,2807.79,2868.09,9247
2023.03.14,2866.46,2875.88,2839.23,2848.12,5497
2023.03.15,2847.37,2935.71,2826.29,2897.25,16897
2023.03.16,2897.39,2915.6,2872.3,2881.21,7043
2023.03.17,2883.48,2966.11,2871.42,2964.92,10795
2023.03.20,2956.1,3005.22,2927.28,2943.87,14366
2023.03.21,2943.48,2965.85,2904.07,2906.6,8669
2023.03.22,2905.95,2953.57,2889.39,2944.55,8977
2023.03.23,2945.2,2996.9,2929.89,2980.19,9904
2023.03.24,2978.06,3020.73,2968.61,2976.7,10289
2023.03.27,2977.4,2978.3,2922.29,2939.6,7423
2023.03.28,2940.48,2947.36,2918.19,2940.65,5818
2023.03.29,2940.45,2951.48,2933.12,2936.9,3318
2023.03.30,2936.19,2959.02,2926.86,2948.09,5243
2023.03.31,2949.17,2967.05,2941.74,2945.1,4656
2023.04.03,2945.9,2948.41,2917.14,2922.62,3927
2023.04.04,2923.9,3006.5,2916.44,2991.8,11223
2023.04.05,2991,3029.69,2979.6,3004.5,8669
2023.04.06,3004.58,3022.36,2998.48,3007.22,4513
2023.04.10,2995.92,3013,2985.74,2995.9,5451
2023.04.11,2997.31,3018.51,2989.56,3008.8,4642
2023.04.12,3009.55,3033.85,2990.92,3008.1,8442
2023.04.13,3008.87,3026.71,3000.71,3005.64,4878
2023.04.14,3006.7,3017.2,2970.75,2984.9,7111
2023.04.17,2981.4,3003.47,2963.4,2977.06,7581
2023.04.18,2975.77,2989.99,2961.34,2977.8,5528
2023.04.19,2978.84,2983.24,2937.89,2969.9,8177
2023.04.20,2969.39,2989.86,2957.56,2971.65,6235
2023.04.21,2971.01,2981.87,2950.46,2961.6,5342
2023.04.24,2958.8,2976.7,2957.04,2970.1,2803
2023.04.25,2968.95,3026.92,2968.95,3012.85,7205
2023.04.26,3011.9,3039.8,3002.11,3009.9,7339
2023.04.27,3011.7,3027.71,2991.03,2996.18,5785
2023.04.28,2998.03,3022.68,2991.42,3006.4,5416
2023.05.01,3006.8,3013.48,2978.7,2987.4,5017
2023.05.02,2988.23,3028.16,2951.64,3025.71,11557
2023.05.03,3024.95,3056.55,3015.5,3053.65,5341
2023.05.04,3062.92,3101.42,3042.08,3062.23,11800
2023.05.05,3060.55,3061.36,2970.56,2984.5,10556
2023.05.08,2983.47,2992.98,2968.05,2979.53,4593
2023.05.09,2979,3015.14,2978.62,3006.1,4595
2023.05.10,3008.02,3015.52,2989.59,2992.21,3606
2023.05.11,2993.49,3030.8,2993.04,3005.8,6322
2023.05.12,3005,3036.43,2992.8,3025.1,6717
2023.05.15,3019.9,3030.41,3006.32,3007.49,3578
2023.05.16,3006.22,3018.35,2982.94,2986.1,5071
2023.05.17,2987.13,2999.06,2969.49,2974.86,4688
2023.05.18,2973.44,2991.86,2953.59,2954.75,5786
2023.05.19,2955.26,2980.4,2940.23,2971.4,6421
2023.05.22,2972.46,2984.71,2961.9,2961.9,3507
2023.05.23,2963.05,2992.3,2945.72,2985.7,7052
2023.05.24,2986.36,3018.1,2984.79,2988.1,6489
2023.05.25,2990.36,3007.81,2974.61,2982.5,5855
2023.05.26,2981.3,3002.5,2978.18,2985.8,4415
2023.05.29,2975.75,2982.52,2969.62,2971,2106
2023.05.30,2971,3015.83,2964.85,3003.8,6917
2023.05.31,3004.95,3050.55,2993.74,3015.2,10338
2023.06.01,3016.73,3030.36,3004.11,3006.63,4241
2023.06.02,3006.99,3008.29,2946.58,2948.1,6454
2023.06.05,2948.4,2967.3,2938.64,2962.3,4343
2023.06.06,2963.46,2967.1,2930.11,2940.6,5113
2023.06.07,2942.26,2946.66,2913.68,2913.68,3739
2023.06.08,2915.07,2935.88,2910.86,2925.81,3931
2023.06.09,2927.36,2934.69,2906.11,2906.29,3610
2023.06.12,2904.5,2908.61,2889.95,2899.38,3221
2023.06.13,2898.18,2905.06,2865.6,2870.04,5079
2023.06.14,2871.18,2881.2,2853.55,2856.41,4054
2023.06.15,2856.69,2862.25,2831.4,2843.02,4804
2023.06.16,2843.38,2860.87,2841.31,2844.4,3811
2023.06.19,2844.4,2860.4,2840.91,2847.4,3599
2023.06.20,2845.83,2881.37,2844.22,2850.9,6924
2023.06.21,2851.66,2862.9,2841.22,2841.41,3312
2023.06.22,2842.41,2856.91,2830.58,2832.41,4267
2023.06.23,2831.28,2901.41,2829.69,2873.7,10103
2023.06.26,2880.32,2897.82,2876.86,2880.75,4150
2023.06.27,2880.11,2883.58,2857.15,2861.45,3421
2023.06.28,2861.66,2894.4,2861.16,2888.29,3986
2023.06.29,2888.4,2894.31,2866.58,2883.5,5057
2023.06.30,2883.06,2890.3,2871.1,2879.4,3475
2023.07.03,2879.8,2890.64,2868.82,2878.47,4232
2023.07.04,2878.5,2897.09,2872.5,2873.1,4379
2023.07.05,2876.53,2895.92,2875.88,2877.58,3904
2023.07.06,2876.82,2890.63,2865.94,2883.59,4262
2023.07.07,2882.72,2901.13,2875.09,2875.09,4446
2023.07.10,2876.48,2899.7,2874.35,2883.8,4339
2023.07.11,2882.87,2907.5,2878.37,2889.03,5211
2023.07.12,2889.06,2896.18,2877.71,2882.66,3055
2023.07.13,2881.79,2884.77,2841.91,2845.35,4929
2023.07.14,2845,2866.25,2841.96,2856.99,3660
2023.07.17,2857.15,2876.66,2854.04,2867.65,3475
2023.07.18,2866.18,2908.64,2865.6,2904.24,4803
2023.07.19,2904.06,2924.8,2899.42,2918.36,3647
2023.07.20,2917.78,2923.05,2895.35,2904.68,4231
2023.07.21,2904.09,2919.8,2902.1,2913.1,2640
2023.07.24,2911.5,2922.44,2898.12,2899.45,3660
2023.07.25,2899.46,2909.09,2885.2,2892.55,4088
2023.07.26,2892.16,2930.13,2891.9,2917.8,5083
2023.07.27,2916.12,2920.87,2879.86,2899.4,6531
2023.07.28,2899.75,2948.11,2899.49,2945.35,5165
2023.07.31,2944,2946.13,2915.68,2924.9,4181
2023.08.01,2924.77,2952.97,2921.3,2939.65,4847
2023.08.02,2941.85,2969.47,2939.11,2957.79,4479
2023.08.03,2957.72,2973.99,2947.24,2952.45,4824
2023.08.04,2951.55,2958.68,2939.21,2954.9,3560
2023.08.07,2954.6,2961.4,2942.74,2945.25,2798
2023.08.08,2944.55,2971.52,2940.67,2941.45,5861
2023.08.09,2940.45,2948.69,2928.81,2931.6,3092
2023.08.10,2931.24,2936.81,2912.85,2935.1,4407
2023.08.11,2933.61,2951.49,2931.3,2944.75,2925
2023.08.14,2943.8,2960.9,2939.4,2939.45,3866
2023.08.15,2938.95,2950.3,2922.45,2945.35,4931
2023.08.16,2944.43,2956.95,2939.68,2943.09,3321
2023.08.17,2944.01,2971.25,2939.25,2950.25,5777
2023.08.18,2949.42,2966.35,2943.32,2948.75,4540
2023.08.21,2948.75,2960.92,2943.9,2953.8,2900
2023.08.22,2953,2959.65,2944.53,2953.35,2990
2023.08.23,2952.93,2975.48,2947.41,2954.55,5453
2023.08.24,2954.45,2990.27,2954.3,2986.35,4005
2023.08.25,2985.31,2990.02,2975.85,2988.75,2491
2023.08.28,2985.1,2998.33,2976.85,2986.2,4187
2023.08.29,2985.4,3003.94,2980.16,2989.3,4367
2023.08.30,2989.3,3004.49,2984.93,2998.3,3013
2023.08.31,2999.1,3007.92,2990.6,2991.2,2675
2023.09.01,2990.39,3010.05,2989.34,3004.2,2762
2023.09.04,3007.3,3011.07,2998,3000.2,1905
2023.09.05,2998.8,3039.93,2998.2,3018.65,6362
2023.09.06,3018.71,3027.99,3001.65,3002,3598
2023.09.07,3002.6,3016.64,3001.81,3010.35,2192
2023.09.08,3008.33,3019.88,3003.3,3006.05,3089
2023.09.11,3006.4,3008.5,2984.92,2988.73,2950
2023.09.12,2988.11,2993.98,2973.14,2977.4,3098
2023.09.13,2976.3,2987.52,2969.04,2970.76,3143
2023.09.14,2971.14,2973.86,2950.72,2966.55,4170
2023.09.15,2966.14,2997.12,2959.88,2989.5,5113
2023.09.18,2990.17,3004.84,2985.47,3003.82,2510
2023.09.19,3003.82,3005.97,2986.97,2992.25,2644
2023.09.20,2992.85,3003.43,2976.46,2993.25,5355
2023.09.21,2992.87,3012.25,2983.94,2992.25,5601
2023.09.22,2991.19,3002.86,2980.91,2987.25,3997
2023.09.25,2987.2,2999.97,2981.12,2982.2,3271
2023.09.26,2981.65,2992.1,2966.01,2970.6,4114
2023.09.27,2969.76,2977.69,2946.24,2951.5,4465
2023.09.28,2952.41,2958.65,2897.82,2901.5,7076
2023.09.29,2901.94,2906.12,2869.35,2870.9,4251
2023.10.02,2866.93,2880.4,2860.4,2872.3,3464
2023.10.03,2872.46,2903.48,2861.9,2892.45,6318
2023.10.04,2891.25,2897.89,2873.43,2878.95,3663
2023.10.05,2876.84,2882.04,2854.93,2857.1,3449
2023.10.06,2855.67,2882,2855.67,2868,4034
2023.10.09,2899.2,2920.99,2891.69,2903.3,5451
2023.10.10,2902.15,2905.78,2891.17,2892.15,1923
2023.10.11,2891.55,2930.89,2888.25,2921.95,5489
2023.10.12,2921.95,2963.31,2919,2959.45,5113
2023.10.13,2958.2,3068.6,2956.09,3067.5,11573
2023.10.16,3058.85,3058.85,3017.14,3026.8,5138
2023.10.17,3026.88,3043.29,3009.28,3020.8,6195
2023.10.18,3020.24,3085.69,3020.22,3073.45,7774
2023.10.19,3072.31,3124.77,3072.1,3119.4,5826
2023.10.20,3119.3,3160.42,3117.2,3135.6,7015
2023.10.23,3113.8,3145.04,3110.46,3113.35,6872
2023.10.24,3112.05,3118.6,3074.4,3101,7736
2023.10.25,3100.72,3147.65,3084.97,3137.75,8834
2023.10.26,3137.46,3169.33,3125.7,3139.05,8568
2023.10.27,3136.35,3173.06,3111.51,3166,9346
2023.10.30,3160.75,3164.92,3125.6,3131.1,4900
2023.10.31,3129.93,3165.51,3123.62,3130,8372
2023.11.01,3129.21,3134.24,3093.2,3100,5288
2023.11.02,3096.59,3098.75,3079.09,3086,2874
2023.11.03,3085.44,3092.06,3054.94,3057.6,4641
2023.11.06,3059.05,3061.79,3043.3,3047.55,2549
2023.11.07,3046.35,3069.85,3032.06,3059.05,6289
2023.11.08,3058.16,3064.36,3041.19,3045.6,3379
2023.11.09,3045.27,3076.28,3034.35,3075.65,5349
2023.11.10,3075.9,3085.02,3041.2,3046.55,5830
2023.11.13,3046,3053.58,3033.9,3051.4,3397
2023.11.14,3051.36,3058.02,3015.1,3016.3,5079
2023.11.15,3016.8,3032.07,3004.46,3009.75,4818
2023.11.16,3009.76,3070.62,3008.08,3061.35,7350
2023.11.17,3059.55,3074.24,3038.6,3038.7,5044
2023.11.20,3034.7,3039.78,3001.95,3016.05,5702
2023.11.21,3014.4,3056.04,3013.69,3047.55,5156
2023.11.22,3047.3,3066.72,3038.2,3041.05,5080
2023.11.23,3039.65,3048.17,3031.6,3035.5,2900
2023.11.24,3037,3047.51,3032.38,3037.2,3007
2023.11.27,3040.58,3063.99,3038.54,3048.1,4339
2023.11.28,3048.1,3074.26,3039.55,3069,4853
2023.11.29,3068.4,3092.08,3066.7,3088.9,3027
2023.11.30,3088.95,3096.85,3071.48,3082.4,4420
2023.12.01,3081.65,3109.75,3076.93,3102.95,4435
2023.12.04,3103.42,3196.34,3055.05,3065.33,24450
2023.12.05,3063.85,3099.7,3063.85,3081.55,5401
2023.12.06,3079.82,3097.6,3065.85,3092.45,5088
2023.12.07,3092.45,3107.84,3064.16,3072.15,6707
2023.12.08,3072,3079.36,3035,3045,6173
2023.12.11,3043.85,3055.15,3010.17,3017.25,6337
2023.12.12,3017.15,3031.35,3009.72,3017.35,4307
2023.12.13,3017.37,3043.9,3007.04,3042.95,4815
2023.12.14,3040.95,3054.16,3021.4,3039.15,6373
2023.12.15,3039.85,3046.66,3005.31,3010.4,5326
2023.12.18,3011.45,3033.97,3004.15,3022.25,4885
2023.12.19,3021.66,3025.42,3007.21,3016.6,3137
2023.12.20,3016.3,3021.96,2999.06,3017.5,4461
2023.12.21,3015.95,3021.68,3004.16,3007.2,2630
2023.12.22,3007.2,3037.05,3007.2,3016.8,5011
2023.12.26,3015.45,3034.17,3014.79,3029.65,2457
2023.12.27,3029.2,3042.8,3018.24,3034.1,4423
2023.12.28,3034.21,3051.91,3022.79,3024.2,4824
2023.12.29,3025.35,3041.95,3018.24,3026.6,4618
2024.01.02,3030.78,3053.5,3028.31,3045,3617
2024.01.03,3042.82,3057.63,3021.6,3032.3,6155
2024.01.04,3031.03,3051.43,3028.1,3046.35,3135
2024.01.05,3046.9,3060.22,3039.47,3045,3961
2024.01.08,3044.26,3046.99,3013.9,3017.3,3923
2024.01.09,3016.9,3047.5,3016.81,3035.45,4284
2024.01.10,3035.67,3039.95,3016.74,3020.95,3171
2024.01.11,3020.77,3048.86,3018.9,3032.44,4826
2024.01.12,3032.59,3070.8,3028.57,3063.25,5381
2024.01.15,3061.38,3087.5,3059.64,3084.85,3226
2024.01.16,3083.24,3100,3074.8,3080.2,4737
2024.01.17,3078.23,3093.7,3061.15,3061.55,4843
2024.01.18,3060.14,3080.36,3058.6,3077.35,2632
2024.01.19,3077.37,3089.9,3070.35,3074.95,3669
2024.01.22,3073.49,3078.74,3061.5,3076.8,3118
2024.01.23,3077.05,3091,3063.55,3083.29,4867
2024.01.24,3083.39,3086.17,3050.35,3061.55,4981
2024.01.25,3062.03,3072.55,3055.34,3068.7,2776
2024.01.26,3067.2,3073.23,3059.2,3069.15,2612
2024.01.29,3078.35,3087.11,3067.09,3074.15,3585
2024.01.30,3073.71,3104.57,3068,3084.8,6206
2024.01.31,3084.85,3109.39,3084.4,3104.8,3004
2024.02.01,3105.46,3145.15,3102.98,3126.4,6341
2024.02.02,3126.2,3131.75,3102.12,3131.05,5442
2024.02.05,3132.67,3143.05,3104.2,3123.18,6822
2024.02.06,3122.6,3131.2,3107.28,3120.7,4595
2024.02.07,3120.7,3130.19,3111.36,3120.8,3757
2024.02.08,3120.79,3134.3,3113.55,3133.65,2865
2024.02.09,3132.17,3134.71,3098.81,3101.35,4099
2024.02.12,3102.03,3108.2,3080.98,3092.7,4512
2024.02.13,3092.18,3116.21,3080.65,3088.05,6700
2024.02.14,3086.4,3089.65,3064.21,3068.6,3309
2024.02.15,3067.15,3079.51,3063.19,3071.45,2835
2024.02.16,3070.6,3082.74,3067.65,3079.05,2174
2024.02.19,3081.65,3094.61,3077.47,3085.15,3079
2024.02.20,3085.05,3096.59,3082.56,3090.5,2262
2024.02.21,3090.43,3099.33,3086.43,3091.8,2444
2024.02.22,3091.1,3099.01,3080.86,3087,3221
2024.02.23,3085.85,3108.1,3071.82,3098.8,5962
2024.02.26,3096.3,3109.17,3094.93,3105.25,1954
2024.02.27,3105.4,3116.4,3100.42,3101.95,2852
2024.02.28,3100.15,3136.07,3099.45,3131.05,4235
2024.02.29,3130.86,3150.84,3121.14,3145.45,4482
2024.03.01,3145.05,3197.83,3139.61,3189.2,7230
2024.03.04,3186.52,3253.95,3186.51,3247.2,7421
2024.03.05,3247.03,3296.28,3243.79,3271.45,8057
2024.03.06,3271.68,3280.2,3256.5,3271.7,4739
2024.03.07,3269.55,3282.2,3249.5,3262.25,5811
2024.03.08,3262,3311.27,3251.85,3286.84,9401
2024.03.11,3287.6,3311.2,3287.6,3299.55,3526
2024.03.12,3299.45,3303.6,3257.24,3266.45,5973
2024.03.13,3265.69,3287.39,3261.87,3283.15,3359
2024.03.14,3282.36,3289.3,3267.04,3284.9,4199
2024.03.15,3284.62,3309.27,3283.5,3284.1,5103
2024.03.18,3278.5,3297.44,3267.55,3292.95,4534
2024.03.19,3292.59,3312.21,3291.95,3302.95,3017
2024.03.20,3302.25,3325.1,3297.55,3319.15,3821
2024.03.21,3320.75,3372.05,3300.5,3319.65,14201
2024.03.22,3319.24,3339.64,3309.07,3322.1,5829
2024.03.25,3323.63,3332.75,3315.52,3320.1,3094
2024.03.26,3319.37,3354.95,3310.71,3334.75,7311
2024.03.27,3331.8,3366.3,3331.07,3358.25,4402
2024.03.28,3358.9,3431.1,3351.5,3427.7,9041
2024.04.01,3434.34,3472.09,3422.07,3469.7,6469
2024.04.02,3467.09,3499.53,3457.85,3498.75,5171
2024.04.03,3496.56,3511.46,3478.95,3501.68,5991
2024.04.04,3502,3507.04,3454.21,3477.7,8137
2024.04.05,3476.4,3540.91,3446,3539.45,12678
2024.04.08,3534.1,3574,3506.75,3541.35,12726
2024.04.09,3540.35,3574.55,3531.8,3549.5,7636
2024.04.10,3548.95,3603.5,3538.95,3583.85,9421
2024.04.11,3584.35,3636.75,3566.9,3628.65,9541
2024.04.12,3626.5,3755.75,3614.46,3625.4,28149
2024.04.15,3644.61,3706.3,3601.24,3699.6,15514
2024.04.16,3696.45,3742.95,3682.3,3721,9676
2024.04.17,3717.8,3730.65,3659.25,3667.35,9236
2024.04.18,3666.75,3719.3,3666.2,3705.2,6776
2024.04.19,3702.35,3793.75,3699.2,3723.4,16806
2024.04.22,3715.6,3720.12,3603.24,3607.75,12592
2024.04.23,3607.21,3618.8,3556.7,3579.15,9615
2024.04.24,3578.11,3600.27,3550.63,3563.6,8478
2024.04.25,3561.8,3602.7,3544.7,3576.95,10086
2024.04.26,3574.4,3595.74,3563.95,3577.25,6074
2024.04.29,3574.1,3574.1,3539.35,3556.15,5156
2024.04.30,3554.85,3568.16,3529,3530.4,5388
2024.05.01,3529.39,3563.74,3525.57,3554.2,5154
2024.05.02,3550.11,3565.17,3501.33,3507.95,8553
2024.05.03,3506.98,3510.37,3436.8,3480.25,12042
2024.05.06,3481.6,3516.75,3467.3,3507.2,7331
2024.05.07,3507.25,3522.07,3493.8,3506.9,5620
2024.05.08,3505.4,3534.2,3505.15,3508.1,5541
2024.05.09,3506.6,3545.44,3505.75,3543.7,4229
2024.05.10,3542.08,3598.05,3540.3,3573.15,8444
2024.05.13,3576.27,3585.47,3529.45,3535.05,7083
2024.05.14,3533.25,3561.94,3533.25,3557.55,3309
2024.05.15,3556.75,3573.3,3544.76,3564.05,4979
2024.05.16,3562.41,3583.95,3551.3,3557.95,6085
2024.05.17,3557.91,3618.19,3556.6,3606.95,7415
2024.05.20,3615.47,3657,3607.04,3638.5,7690
2024.05.21,3637.1,3647,3615.64,3631.35,5698
2024.05.22,3630.22,3634,3589.99,3592.3,5011
2024.05.23,3592.82,3599.56,3522.61,3524.7,8579
2024.05.24,3523.31,3546.06,3514.9,3520.3,5932
2024.05.27,3522.44,3542.8,3515.81,3531.6,4483
2024.05.28,3529.55,3550.95,3513.4,3550.8,5386
2024.05.29,3549.05,3553.71,3520.45,3536.05,5353
2024.05.30,3534.19,3541.7,3521.15,3532.05,3897
2024.05.31,3531.28,3540.09,3492.3,3497.55,6186
2024.06.03,3497.29,3529.33,3484.69,3513.5,7308
2024.06.04,3513.37,3527.18,3485.88,3498.7,6794
2024.06.05,3496.79,3547.9,3496.26,3542.7,5738
2024.06.06,3542.65,3570.97,3533.7,3563.6,5360
2024.06.07,3562.29,3577.63,3475.09,3484.85,12765
2024.06.10,3485.35,3502.83,3470.7,3495.1,5452
2024.06.11,3496.64,3514.62,3481.3,3506.55,5674
2024.06.12,3505.52,3507.56,3466.09,3488.15,6558
2024.06.13,3486.77,3490.3,3459.13,3471.7,4728
2024.06.14,3470.83,3538.78,3469.85,3525.2,8350
2024.06.17,3521.93,3531.21,3500.48,3506.1,4564
2024.06.18,3505.39,3520.78,3485.4,3499.15,6453
2024.06.19,3497.6,3500.02,3482.79,3489.15,2602
2024.06.20,3487.96,3547.92,3487.46,3545.25,6364
2024.06.21,3545.17,3559.61,3489.55,3495.15,9011
2024.06.24,3494.01,3508.38,3487.72,3506.65,2869
2024.06.25,3504.02,3507.97,3483.18,3488.9,3447
2024.06.26,3486.5,3500.55,3449.12,3456.8,7317
2024.06.27,3455.23,3503.71,3445.33,3501.8,7020
2024.06.28,3500.26,3513.93,3478.2,3487.1,5831
2024.07.01,3481.07,3505.91,3474.62,3500.45,4321
2024.07.02,3499.95,3512.74,3484.2,3493.3,5044
2024.07.03,3492.77,3525.64,3486.87,3512.65,5767
2024.07.04,3512.4,3517.83,3501.35,3503.25,2382
2024.07.05,3501.3,3545.27,3493.51,3541.85,6298
2024.07.08,3534.2,3545.87,3489,3501.61,8116
2024.07.09,3500.19,3515.72,3492.57,3506.65,3985
2024.07.10,3504.89,3538.85,3504.1,3513.85,6055
2024.07.11,3512.92,3580.76,3511.5,3573.05,7840
2024.07.12,3572.47,3573.33,3531.47,3552.13,6339
2024.07.15,3559.29,3597.61,3545.89,3583.1,7964
2024.07.16,3581.75,3666.55,3579.61,3665.8,8984
2024.07.17,3663.9,3685.38,3646.8,3653.55,6682
2024.07.18,3652.87,3672.26,3638.32,3645.9,6092
2024.07.19,3643.41,3646,3579.78,3590.55,7959
2024.07.22,3588.74,3613.92,3587.19,3607.1,3511
2024.07.23,3606.15,3642.74,3601.62,3641.38,4702
2024.07.24,3639.75,3681.87,3639.75,3642.1,8190
2024.07.25,3639.8,3657.39,3593.42,3615.75,10390
2024.07.26,3614.78,3647.7,3598.58,3645.35,6768
2024.07.29,3641.42,3665.47,3626.05,3640.1,7753
2024.07.30,3637.4,3689.49,3632,3687.6,6479
2024.07.31,3685.3,3747.79,3678.45,3741.05,8294
2024.08.01,3741.28,3765.05,3724.53,3762.45,5988
2024.08.02,3762.33,3809.07,3700.38,3752.45,20751
2024.08.05,3748.91,3831.19,3672,3708.75,27823
2024.08.06,3708.5,3729.62,3655.13,3665.3,10579
2024.08.07,3663.2,3668.38,3633.25,3654.75,6182
2024.08.08,3651.95,3690.13,3642.51,3681.8,6540
2024.08.09,3680.65,3705.53,3664.18,3698.55,6481
2024.08.12,3693.18,3754.95,3681.7,3754.65,8504
2024.08.13,3748.9,3761.86,3711.07,3715.25,6794
2024.08.14,3716.33,3741.38,3690.53,3710.6,9598
2024.08.15,3710.4,3731.55,3680.85,3716.05,9576
2024.08.16,3713.64,3768.68,3697.42,3757.18,9899
2024.08.19,3758.13,3760.5,3711.15,3719.3,5988
2024.08.20,3717.25,3756.64,3710.9,3725.6,8314
2024.08.21,3724.95,3737.17,3701.48,3725.15,7119
2024.08.22,3723.1,3727.95,3683.57,3705.6,7127
2024.08.23,3704.5,3722.4,3690.86,3696.05,5464
2024.08.26,3693.15,3732.98,3692.7,3718.25,5547
2024.08.27,3717.65,3719.5,3693.46,3716.15,5059
2024.08.28,3715.42,3723.61,3681.39,3690.7,5973
2024.08.29,3690.73,3718.11,3680.45,3708.45,5761
2024.08.30,3707.35,3715.51,3691.22,3699.6,4084
2024.09.02,3695.13,3701.58,3677.45,3677.55,3069
2024.09.03,3679.03,3715.59,3669.74,3714.3,5644
2024.09.04,3713.65,3727.98,3686.16,3709.22,7922
2024.09.05,3709.65,3750.19,3708.37,3733.7,5960
2024.09.06,3732.65,3767.96,3718.15,3743.65,8863
2024.09.09,3741.94,3764.1,3726.92,3760.96,5535
2024.09.10,3761.4,3783.38,3752.07,3782.65,4138
2024.09.11,3781.81,3795.38,3761.08,3761.08,4788
2024.09.12,3761.75,3819.7,3758.51,3806.1,7804
2024.09.13,3804.75,3854.37,3800.21,3844.8,6828
2024.09.16,3844.05,3857.07,3818.91,3824.75,5703
2024.09.17,3823.75,3830.6,3792.29,3803,5588
2024.09.18,3800.95,3816.42,3772.3,3780.09,6739
2024.09.19,3781.1,3802.17,3769.29,3795.85,5102
2024.09.20,3794.8,3856.12,3794.55,3849.32,6863
2024.09.23,3849.43,3853.27,3835.35,3844,3042
2024.09.24,3843.15,3867.53,3825.52,3854.8,7238
2024.09.25,3854.05,3901.52,3845.95,3893.9,7130
2024.09.26,3892.35,3901.49,3863.81,3875.15,5817
2024.09.27,3874.95,3886.85,3820.12,3850.85,10937
2024.09.30,3848.85,3853.69,3792.16,3808.44,8266
2024.10.01,3808.15,3893.45,3805.05,3869.15,11581
2024.10.02,3867.4,3870.07,3833.65,3858.77,6422
2024.10.03,3860.2,3887.9,3851.7,3879.69,5292
2024.10.04,3881.85,3926.76,3874.01,3905.55,8181
2024.10.07,3897.05,3920.3,3880.66,3910.45,6589
2024.10.08,3907.3,3937.31,3867.3,3884.25,11698
2024.10.09,3883.74,3899.06,3874.5,3878.93,4432
2024.10.10,3881.65,3909.85,3877.25,3900.8,4606
2024.10.11,3900.35,3937.73,3898.41,3935.45,4355
2024.10.14,3936.47,3962.35,3925.44,3937.5,7280
2024.10.15,3934.65,3978.95,3933.4,3970.46,5530
2024.10.16,3971.9,4023.75,3971.5,4010.5,6591
2024.10.17,4008.8,4028.8,3995.42,4021.2,5437
2024.10.18,4018.9,4060.45,4018.31,4057.6,4559
2024.10.21,4054.9,4095.96,4051.97,4084.15,5874
2024.10.22,4082.66,4114.79,4082.16,4113.6,3433
2024.10.23,4110.8,4145.81,4083.62,4089.64,10323
2024.10.24,4090.65,4125.3,4090.55,4120.5,3966
2024.10.25,4118.22,4160.76,4096.82,4158.8,8731
2024.10.28,4138.55,4169,4126.85,4165.4,5746
2024.10.29,4163.3,4231.3,4162.47,4229,7197
2024.10.30,4227.5,4257.14,4211.79,4241.05,7716
2024.10.31,4239.48,4246.78,4165.84,4165.84,8825
2024.11.01,4168.35,4202.16,4166.68,4170.85,6847
2024.11.04,4153.07,4166.85,4140.6,4157.19,4839
2024.11.05,4157.16,4158.49,4119.26,4133.15,5446
2024.11.06,4133.26,4197.51,4040.32,4048.3,22943
2024.11.07,4048.4,4057.03,4004.23,4050.07,10394
2024.11.08,4050.16,4097,4031.25,4079.47,10220
2024.11.11,4077.78,4080.03,3975.24,3983.55,11536
2024.11.12,3982.25,4001.53,3958.42,3976.55,8053
2024.11.13,3977.2,4012.54,3964.23,3966.15,8558
2024.11.14,3958.5,3984.74,3924.56,3973.05,10582
2024.11.15,3973.46,3995.5,3955.53,3963.5,6999
2024.11.18,3967.25,4034.71,3966.75,4011.22,9196
2024.11.19,4012.45,4060.35,4010.78,4027.25,8435
2024.11.20,4028.5,4089.16,4016.64,4073.4,10015
2024.11.21,4070.45,4104.73,4069.38,4099.75,4141
2024.11.22,4098.78,4174.53,4098.09,4137.56,77149
2024.11.25,4140.16,4158.09,4025.66,4036.1,142578
2024.11.26,4037.24,4075.95,4022.93,4065.09,160504
2024.11.27,4060.71,4097.78,4052.81,4081.81,38119
2024.11.28,4042.5,4077.2,4040.5,4056.18,44036
2024.11.29,4087.34,4088.56,4058.29,4059.57,8648
2024.12.02,4069.54,4096.1,4032.02,4096.05,51406
2024.12.03,4074.46,4095.88,4058.99,4076.32,67882
2024.12.04,4074.59,4136.03,4072.36,4117.22,52626
2024.12.05,4121,4125.72,4071.54,4077.33,81714
2024.12.06,4080.78,4116.99,4078.79,4097.17,56690
2024.12.09,4129.74,4130.46,4110.79,4124.19,35164
2024.12.10,4171.76,4198.27,4162,4198.05,36641
2024.12.11,4222.06,4245.51,4197.53,4243.65,12812
2024.12.12,4260.96,4264.97,4217.22,4233.03,31248
2024.12.13,4208.33,4230.54,4178.82,4185.92,82795
2024.12.16,4164.04,4193.88,4154.9,4162.9,114153
2024.12.17,4162.31,4181.84,4145.54,4174.05,140399
2024.12.18,4185.86,4199.27,4181.7,4184.49,52331
2024.12.19,4160.25,4205.49,4134.59,4156.7,150688
2024.12.20,4173.98,4212.17,4167.09,4193.29,49968
2024.12.23,4189.52,4210.94,4183.35,4192.16,57417
2024.12.24,4197.98,4202.14,4183.36,4196.8,34442
2024.12.26,4190.3,4244.92,4189.8,4232.97,101807
2024.12.27,4224.65,4225.15,4202.94,4215.86,49311
2024.12.30,4206.32,4216.03,4176.06,4188.15,96892
2024.12.31,4190.41,4248.9,4185.94,4238.91,149990
2025.01.02,4238.72,4288.15,4230.03,4283.38,190870
2025.01.03,4284.49,4290.5,4239.23,4244.67,158420
2025.01.06,4246.12,4249.12,4166.31,4219.09,198429
2025.01.07,4222.82,4253.58,4200.88,4248.61,168717
2025.01.08,4247.14,4300.88,4244.8,4280.8,165915
2025.01.09,4281.82,4317.87,4278.85,4308.58,127479
2025.01.10,4307.48,4388,4302.98,4374.98,175681
2025.01.13,4375.47,4382.65,4311.68,4312.76,177711
2025.01.14,4305.65,4329.49,4298.33,4321.56,163734
2025.01.15,4320.23,4334.91,4292.69,4329.09,152688
2025.01.16,4326.77,4380.5,4315.19,4368.5,177098
2025.01.17,4369.43,4389.02,4354.77,4360.57,139573
2025.01.20,4358.29,4371.26,4305.72,4323.94,116310
2025.01.21,4313.94,4384.41,4307.78,4373.29,174318
2025.01.22,4379.69,4403.28,4371.1,4392.61,131312
2025.01.23,4391.75,4399.52,4359.7,4381.73,144718
2025.01.24,4380.75,4415.57,4377.4,4386.1,132617
2025.01.27,4392.77,4402.98,4349.73,4355.35,127056
2025.01.28,4358.98,4424.57,4358.01,4419.39,100121
2025.01.29,4417.23,4441,4411.41,4427.13,122345
2025.01.30,4423.06,4507.86,4419.06,4499.11,148600
2025.01.31,4501.37,4526.92,4476.29,4506.61,193386
2025.02.03,4549.59,4602.59,4509.58,4518.68,236529
2025.02.04,4514.25,4567.29,4511.08,4541,177945
2025.02.05,4540.03,4578.14,4539.82,4559.52,161546
2025.02.06,4561.25,4583.66,4521.83,4545.16,144676
2025.02.07,4546.98,4603.53,4545.09,4560.64,151856
2025.02.10,4572.96,4635.98,4571.83,4630.33,142566
2025.02.11,4634.12,4691.59,4589.23,4604.87,192432
2025.02.12,4601.88,4637.18,4577.1,4623.11,160977
2025.02.13,4623.11,4666.58,4618.2,4634.18,156011
2025.02.14,4634.11,4644.25,4524.97,4534.51,174732
2025.02.17,4550.91,4565.41,4527.22,4559.63,109830
2025.02.18,4560.23,4624.66,4558.17,4620.39,120462
2025.02.19,4618.14,4638.09,4597.87,4620.76,133789
2025.02.20,4622.07,4640.98,4583.77,4590.61,126140
2025.02.21,4587.65,4627.02,4566.32,4615.22,125963
2025.02.24,4614.19,4653.05,4586.94,4648.91,137596
2025.02.25,4651.98,4655.44,4561.42,4594.02,150258
2025.02.26,4591.19,4632.45,4586.37,4625.52,132799
2025.02.27,4620.44,4631.49,4567.18,4612.9,162242
2025.02.28,4612.9,4628.54,4559.06,4604.21,133906
2025.03.03,4621.29,4650.54,4599.56,4647.83,125201
2025.03.04,4650.12,4699.66,4633.64,4651.18,134946
2025.03.05,4647.23,4668.03,4601.72,4606.15,143880
2025.03.06,4603.13,4612.98,4565.31,4597,145876
2025.03.07,4594.82,4647.53,4569.72,4612.99,135552
2025.03.10,4620.53,4628.31,4576.78,4599.72,139297
2025.03.11,4602.19,4652.39,4590.36,4628.65,135973
2025.03.12,4630.07,4658.07,4612.33,4638.6,130686
2025.03.13,4640.1,4754.2,4638.1,4753.08,131396
2025.03.14,4746.33,4765.61,4709.82,4717.29,117897
2025.03.17,4721.2,4730.17,4690.51,4698.85,95596
2025.03.18,4698.79,4776.69,4696.4,4769.21,114087
2025.03.19,4768.29,4802.72,4758.46,4792.25,102448
2025.03.20,4793.72,4840.16,4787.52,4829.95,124594
2025.03.21,4828.96,4834.96,4781.85,4818.55,116337
2025.03.24,4811.59,4818.78,4780.75,4791.56,126596
2025.03.25,4788.75,4811.3,4770.95,4791.53,100844
2025.03.26,4788.1,4804.05,4767.47,4794.02,105176
2025.03.27,4797.52,4852.34,4790.2,4847.28,132566
2025.03.28,4847.96,4908.48,4846.56,4903.2,119906
2025.03.31,4926.13,5017.15,4889.64,4998.72,146287
2025.04.01,5001.28,5036.76,4939.73,4958.15,129189
2025.04.02,4959.67,4993.87,4899.06,4971.6,116632
2025.04.03,5007.24,5053.22,4785.67,4920.63,248551
2025.04.04,4919.08,5166.83,4909.92,5025.84,244087
2025.04.07,5054.6,5085.96,4931.99,4981.48,238873
2025.04.08,4974.43,5012.25,4939.88,5008.58,219023
2025.04.09,5015.67,5143.64,4970.96,5004.84,245062
2025.04.10,5000.69,5123.83,4986.67,5097.9,229544
2025.04.11,5101.26,5204.04,5092.38,5144.67,238800
2025.04.14,5113.82,5156.64,5054.04,5074.81,151439
2025.04.15,5078.45,5095.7,5033.54,5089.76,112272
2025.04.16,5098.82,5249.03,5095.82,5242.6,159128
2025.04.17,5253.79,5278.88,5147.27,5206.02,162916
2025.04.21,5227.24,5347.32,5220.99,5336.92,141266
2025.04.22,5341.68,5440.56,5269.95,5312.56,243588
2025.04.23,5232.9,5296.1,5082.12,5172.79,242107
2025.04.24,5192.68,5294.99,5174,5224.04,161867
2025.04.25,5241.84,5257.98,5116.35,5181.99,144902
2025.04.28,5195.22,5213.69,5116.4,5196.4,144371
2025.04.29,5201.56,5213.35,5148.79,5195.9,125347
2025.04.30,5193.26,5214.39,5110.61,5136.53,156113
2025.05.01,5127.32,5130.7,5010.95,5066.64,146490
2025.05.02,5073.01,5084.89,4996.05,5023.51,129849
2025.05.05,5023.81,5157.73,5016.75,5152.02,127679
2025.05.06,5152.85,5287.72,5144.24,5287.59,168796
2025.05.07,5250.86,5265.71,5173.72,5236.96,162537
2025.05.08,5247.11,5285.3,5140.23,5162.52,199450
2025.05.09,5172.12,5213.32,5133.62,5190.87,128879
2025.05.12,5104,5121.84,5015.06,5074.95,181706
2025.05.13,5078.96,5095.93,5008.65,5024.61,122954
2025.05.14,5021.64,5032.34,4912.42,4945.3,171218
2025.05.15,4943.89,5055.89,4854.33,5055.39,174039
2025.05.16,5059.96,5076.55,4914.85,4993.2,166390
2025.05.19,5018.01,5071.95,4988.37,5002.32,124508
2025.05.20,4997.73,5136.83,4970.5,5120.29,159314
2025.05.21,5122.69,5166.11,5099.14,5148.84,165895
2025.05.22,5156.49,5197.75,5111.01,5137.89,186117
2025.05.23,5140.05,5213.71,5115.95,5169.92,183326
2025.05.26,5157.91,5157.91,5107.85,5152.79,89808
2025.05.27,5157.92,5166.56,5098.62,5121.12,160343
2025.05.28,5123.82,5162.5,5095.95,5113.25,129946
2025.05.29,5117.91,5164.87,5056.36,5148.97,191571
2025.05.30,5146.17,5156.66,5090.65,5113.43,180156
2025.06.02,5127.9,5211.66,5110.25,5203.96,177511
2025.06.03,5211.5,5222.56,5161.99,5187.56,170337
2025.06.04,5190.62,5210.43,5152.91,5191.97,162709
2025.06.05,5196.32,5226.81,5125.48,5155.08,188916
2025.06.06,5157.79,5190.55,5089.35,5099.78,176490
2025.06.09,5104.12,5117.62,5056.51,5103.7,136648
2025.06.10,5098.33,5128.77,5062.81,5092.39,158925
2025.06.11,5091.07,5159.16,5078.22,5156.4,170683
2025.06.12,5162.83,5207.74,5151.43,5185.05,194322
2025.06.13,5178.05,5322.57,5173.27,5288.77,232556
2025.06.16,5306.12,5320.14,5171.53,5186.18,165254
2025.06.17,5191.35,5242.99,5163.09,5230.56,172389
2025.06.18,5243.04,5243.58,5167.26,5173.97,162734
2025.06.19,5177.26,5226.54,5175.51,5206.47,115040
2025.06.20,5197.31,5223.9,5147.93,5222.88,138212
2025.06.23,5260.12,5301.36,5210.69,5215.19,165038
2025.06.24,5196.59,5200.85,5066.76,5118.42,172707
2025.06.25,5118.58,5132.02,5102.56,5116.19,116006
2025.06.26,5119.61,5127.24,5053.27,5084.75,141602
2025.06.27,5078.68,5078.8,4980.1,5013.48,162897
2025.06.30,5004.68,5043.96,4971.51,5017.66,128793
2025.07.01,5019.13,5106.45,5016.35,5071.51,132810
2025.07.02,5074.81,5116.21,5062.73,5097.01,117838
2025.07.03,5099.77,5117.69,5058.48,5059.52,115032
2025.07.04,5059.42,5102.38,5056.72,5093.82,63720
2025.07.07,5097.06,5142.26,5057.79,5141.45,135463
2025.07.08,5142.88,5150.94,5041.04,5054.09,133689
2025.07.09,5058.34,5071.62,5026.19,5070.26,115386
2025.07.10,5070,5082.74,5036.94,5043.45,104318
2025.07.11,5045.57,5122.56,5036.43,5102.34,135938
2025.07.14,5110.78,5140.98,5095.39,5106.25,119378
2025.07.15,5104.54,5138.8,5079.46,5103.94,118475
2025.07.16,5105.03,5160.4,5097.46,5126.52,138585
2025.07.17,5130.35,5161.97,5114.34,5143.56,118789
2025.07.18,5146.45,5153.6,5122.45,5148.89,98110
2025.07.21,5143.18,5211.69,5137.67,5207.26,114780
2025.07.22,5208.33,5245.74,5192.26,5230.47,129826
2025.07.23,5235.41,5245.89,5130.2,5130.2,143330
2025.07.24,5136.08,5142.06,5072.19,5111.16,129600
2025.07.25,5113.48,5118.05,5072.17,5081.42,120716
2025.07.28,5059.8,5122.57,5056.84,5083.31,130748
2025.07.29,5079.32,5121.8,5074.83,5106.59,127345
2025.07.30,5107.32,5137.34,5077.59,5090.48,149841
2025.07.31,5088.03,5145.88,5085.28,5121.03,134775
2025.08.01,5123.29,5206.56,5104.71,5191.81,165310
2025.08.04,5196.95,5226.1,5166.92,5214.65,111780
2025.08.05,5217.27,5243.6,5185,5221.56,107456
2025.08.06,5223.99,5227.8,5167.16,5179.87,103227
2025.08.07,5184.55,5220.87,5163.48,5202.4,188115
2025.08.08,5201.84,5217.4,5181.51,5208.31,249343
2025.08.11,5211.2,5213.09,5129.59,5129.95,158076
2025.08.12,5132.46,5164.82,5114.49,5127.61,130329
2025.08.13,5129.45,5147.07,5115.89,5126.34,88034
2025.08.14,5128.92,5162.69,5112.77,5132.48,121269
2025.08.15,5132.77,5150.58,5111.38,5123.87,81689
2025.08.18,5120.59,5149.73,5105.16,5132.86,80362
2025.08.19,5131.67,5155.4,5120.37,5137.12,85206
2025.08.20,5137.85,5210.46,5132.38,5202.45,87843
2025.08.21,5206.67,5211.05,5170.93,5199.56,84487
2025.08.22,5200.27,5206.53,5169.54,5190.99,104606
2025.08.25,5188.18,5201.03,5176.31,5191.55,65648
2025.08.26,5192.03,5223.93,5170.42,5223.93,98017
2025.08.27,5219.26,5233.55,5201.06,5220.61,83702
2025.08.28,5221.49,5239.92,5192.22,5231.21,87212
2025.08.29,5229.31,5276.55,5210.48,5271.38,95768
2025.09.01,5266.77,5330.48,5254.55,5305.33,103790
2025.09.02,5302,5429.66,5300.09,5419.7,179565
2025.09.03,5416.6,5465.47,5405.44,5441.62,159681
2025.09.04,5439.89,5462.19,5372.08,5438.6,152614
2025.09.05,5436.16,5489.63,5415.39,5471.75,153619
2025.09.08,5477.77,5534.81,5455.59,5516.56,142047
2025.09.09,5512.88,5563.52,5500,5508.52,138663
2025.09.10,5507.69,5538.74,5493.66,5505.62,117713
2025.09.11,5508.79,5516.43,5450.12,5454.62,185291
2025.09.12,5455.55,5501.46,5447.01,5478.76,105053
2025.09.15,5482.19,5526.79,5450.1,5517.09,114557
2025.09.16,5516.22,5548.02,5508.1,5519.25,112802
2025.09.17,5522.06,5532.57,5476.97,5499.7,147046
2025.09.18,5498.94,5527.59,5487.22,5510.86,155716
2025.09.19,5507.86,5590.61,5497.56,5588.2,126300
2025.09.22,5593.71,5680.38,5586.97,5677.82,127069
2025.09.23,5674.91,5739.39,5664.2,5702.94,155699
2025.09.24,5703,5722.68,5649.37,5675.51,122578
2025.09.25,5678.69,5750.15,5655.28,5734.87,141249
2025.09.26,5727.22,5787.42,5708.47,5742.88,123132
2025.09.29,5749.23,5834.56,5742.97,5827.89,166281
2025.09.30,5826.68,5868.39,5740.44,5835.63,168848
2025.10.01,5834.79,5888.91,5828.26,5843.12,159648
2025.10.02,5841.67,5898.65,5806.21,5845.32,141835
2025.10.03,5846.76,5890.58,5818.57,5886.75,138458
2025.10.06,5897.12,5999.24,5893.97,5984.77,205416
2025.10.07,5984.2,6057.22,5979.09,6056.83,203255
2025.10.08,6054.68,6172.06,6052.02,6134.55,193645
2025.10.09,6126.63,6147.6,6022.43,6065.2,309766
2025.10.10,6064.68,6202.56,6012.04,6199.6,310357
2025.10.13,6172.66,6312.02,6164.07,6311.76,232424
2025.10.14,6309.76,6455.26,6299.22,6390.03,309435
2025.10.15,6377.05,6474.3,6377.05,6459.78,228773
2025.10.16,6463.72,6675.16,6446.51,6672.24,258118
2025.10.17,6682.34,6764.59,6455.26,6537.27,489581
2025.10.20,6557.73,6725.85,6487.32,6687.68,302617
2025.10.21,6696.91,6713.64,6296.57,6358.51,409914
2025.10.22,6348.76,6393.09,6167.59,6318.26,418250
2025.10.23,6332,6380.73,6268.01,6328.11,277743
2025.10.24,6333.02,6362.26,6224.34,6312.3,266052
2025.10.27,6273.55,6280.41,6065.69,6070.16,296003
2025.10.28,6082.26,6128.5,5935.69,5998.18,251183
2025.10.29,6006.06,6115.65,5945.15,5975.67,285706
2025.10.30,5964.56,6146.73,5938.87,6139.59,360117
2025.10.31,6132.97,6173.14,6074.03,6113.27,326964
2025.11.03,6104.03,6171.54,6054.12,6119.72,227549
2025.11.04,6122.92,6154.2,6057.95,6061.01,234424
2025.11.05,6064.78,6144.45,6058.25,6114.27,195260
2025.11.06,6098.77,6177.61,6094.66,6137.17,217180
2025.11.07,6138.31,6218.26,6136.92,6157.21,185603
2025.11.10,6163.9,6297.52,6159.73,6296.65,217192
2025.11.11,6297.92,6360.64,6274.65,6320.17,206710
2025.11.12,6325.6,6435.76,6282.15,6415.17,271744
2025.11.13,6428.34,6465.22,6350.5,6387.44,334573
2025.11.14,6392.97,6434.43,6181.02,6240.86,397955
2025.11.17,6264.11,6284.92,6179.59,6228.43,233163
2025.11.18,6231.54,6275.58,6166.82,6249.06,263834
2025.11.19,6246.01,6368.17,6245.62,6291.94,256071
2025.11.20,6304.76,6336.85,6238.8,6331.58,318992
2025.11.21,6319.41,6352.62,6239.87,6296.15,321363
2025.11.24,6291.19,6403.65,6251.15,6399.61,214537
2025.11.25,6393.45,6429.67,6369.27,6384.16,235062
2025.11.26,6387.36,6431.5,6369.1,6387.45,205838
2025.11.27,6387.19,6393.01,6342.31,6365.43,124596
2025.11.28,6362.51,6452.66,6362.51,6439.96,174613
2025.12.01,6437.38,6505.64,6417.84,6467.91,324155
2025.12.02,6466.72,6472.12,6339.33,6407.09,241359
2025.12.03,6396.86,6438,6356.59,6366.46,316260
2025.12.04,6371.45,6382.75,6315.08,6368.87,281374
2025.12.05,6368.64,6406.1,6313.02,6320.78,261839
2025.12.08,6323.84,6350.48,6307.56,6323.75,248869
2025.12.09,6325.61,6348.92,6280.74,6337.46,292564
2025.12.10,6334.64,6361.1,6294.83,6331.18,279467
2025.12.11,6336.12,6424.69,6316.14,6424.16,313406
2025.12.12,6424.13,6534.5,6389.92,6463.08,361605
2025.12.15,6473.2,6542.2,6453.88,6481.18,284932
2025.12.16,6482.51,6525.19,6437.05,6485.34,285883
2025.12.17,6487.67,6579.17,6486.76,6567.95,275776
2025.12.18,6568.29,6603.85,6509.8,6551.41,336952
2025.12.19,6553.25,6586.94,6513.38,6563.61,247550
2025.12.22,6565.2,6682.55,6561.98,6674.71,225604
2025.12.23,6679.17,6743.94,6633.35,6694.85,303875
2025.12.24,6696.17,6751.18,6629.27,6678.28,268310
2025.12.26,6694.09,6777.9,6691.26,6750.3,436777
2025.12.29,6752.42,6763.41,6435.03,6470.1,480351
2025.12.30,6482.85,6570.04,6456.97,6478.5,384490
2025.12.31,6481.11,6530.83,6389.67,6464.78,406427
2026.01.02,6485.69,6576.32,6450.63,6472.25,299683
2026.01.05,6512.02,6653.33,6501.35,6624.43,354213
2026.01.06,6632.26,6673.29,6598,6669.65,286202
2026.01.07,6673.33,6684.11,6574.71,6629.22,295622
2026.01.08,6636.44,6687.85,6583.62,6681.72,302830
2026.01.09,6678.35,6761.2,6648.57,6743.74,270221
2026.01.12,6759.2,6893.31,6759.2,6843.24,308940
2026.01.13,6849.53,6915.59,6814.45,6865.4,300642
2026.01.14,6865.06,6950.77,6864.4,6925,320334
2026.01.15,6912.76,6915.85,6858,6887.15,313061
2026.01.16,6891.85,6902.23,6790.68,6874.18,269045
2026.01.19,6960.68,7011.63,6948.6,6956.15,187327
2026.01.20,6952.43,7078.04,6941.71,7068.62,295030
2026.01.21,7069.72,7252.34,7036.78,7139.89,376348
2026.01.22,7124.12,7220.96,7029.75,7214.33,282833
2026.01.23,7238.28,7259.36,7155.26,7226.65,280687
2026.01.26,7250.26,7384.41,7212.34,7242.79,467849
2026.01.27,7282.02,7403.08,7247.7,7378.25,418292
2026.01.28,7397.04,7681.64,7359.12,7678,496050
2026.01.29,7723.72,7930.73,7324.88,7627.84,333014
2026.01.30,7705.56,7735.87,6762.47,6981.25,102007
2026.02.02,6832.28,7006.48,6367.67,6709.24,115042
2026.02.03,6776.7,7111.13,6771.24,7036.92,276234
2026.02.04,7053.3,7243.42,6951.07,7089.65,175988
2026.02.05,7128.71,7177.91,6867.88,6892.37,143514
2026.02.06,6887.94,7080.33,6745.52,7066.28,127831
2026.02.09,7096.53,7175.55,7063.23,7150.51,34355

